+DEC,"C/ CASTILLO DE MAYA 28, 31004 PAMPLONA"
ADAIX,"C/ PAULINO CABALLERO 49, 31004 PAMPLONA"
AL ALIMÓN EQUIVALENZA PAMPLONA,"C/ GORRITI 22, 31004 PAMPLONA"
AMICHI,"AVDA. CARLOS III 32, 31003 PAMPLONA"
ANA Y YO,"C/ GORRITI 33, 31004 PAMPLONA"
AYESTARÁN,"C/ GARCÍA CASTAÑÓN 1, 31002 PAMPLONA"
AYESTARÁN,"C/ PAULINO CABALLERO 2, 31002 PAMPLONA"
AYESTARÁN CONFORT,"AVDA. BAJA NAVARRA 8, 31003 PAMPLONA"
BAR - RESTAURANTE ARGILEKU,"C/ OLITE 5, 31002 PAMPLONA"
BAR KOISHTA,"C/ OLITE 35, 31004 PAMPLONA"
BARCELÓ VIAJES,"C/ OLITE 22, 31004 PAMPLONA"
BIBA ESPACIO DE MODA,"AVDA. BAYONA 5, 31011 PAMPLONA"
BIBA ESPACIO DE MODA,"C/ PAULINO CABALLERO 15, 31002 PAMPLONA"
BIJOYA,"C/ TUDELA 17, 31003 PAMPLONA"
C.I.O.,"C/ NAVARRO VILLOSLADA 7, 31003 PAMPLONA"
CACHET,"C/ CORTES DE NAVARRA 5, 31002 PAMPLONA"
CAFETERÍA - RESTAURANTE VENTA DE URRIZA,"C/ PAULINO CABALLERO 12, 31003 PAMPLONA"
CAFETERÍA IRATI,"C/ TUDELA 10, 31003 PAMPLONA"
CAFETERÍA MIAMI,"AVDA. CARLOS III 13-15 GALERÍA COMERCIAL, 31002 PAMPLONA"
CAFETERÍA RUMBOS,"AVDA. CARLOS III 38, 31003 PAMPLONA"
CAFETERÍA YANGUAS,"C/ YANGUAS Y MIRANDA 21, 31003 PAMPLONA"
CALZADOS TÍVOLI,"C/ ESTELLA 4, 31002 PAMPLONA"
CAMERA,"C/ BERGAMÍN 18, 31003 PAMPLONA"
CAMERA,"AVDA. SANCHO EL FUERTE 24, 31007 PAMPLONA"
CAMERA,"C/ BENJAMÍN DE TUDELA 8, 31008 PAMPLONA"
CAMERA,"C/ ARRIETA 11-BIS, 31002 PAMPLONA"
CASA CAMBRA,"C/ TAFALLA 13, 31004 PAMPLONA"
CASA MANTEROLA,"C/ GONZÁLEZ TABLAS 5, 31004 PAMPLONA"
CASA MANTEROLA,"C/ TUDELA 5, 31002 PAMPLONA"
CASH CONVERTERS,"C/ PAULINO CABALLERO 26-28, 31003 PAMPLONA"
CENTRO DE MASAJES HERA,"C/ AMAYA 36, 31004 PAMPLONA"
CENTRO NAVARRO DE LA AUDICIÓN,"C/ PAULINO CABALLERO 14, 31003 PAMPLONA"
CHAMPAGNE Y FRESAS,"C/ PAULINO CABALLERO 32, 31003 PAMPLONA"
CHARGUI,"C/ PAULINO CABALLERO 24, 31003 PAMPLONA"
CIENHILOS,"C/ NAVARRO VILLOSLADA 2, 31003 PAMPLONA"
CLARKS,"AVDA. CARLOS III 16, 31002 PAMPLONA"
CLÍNICA DENTAL LA VAGUADA,"C/ BERGAMÍN 41, 31004 PAMPLONA"
COCHECITOS PÉREZ,"C/ AMAYA 33, 31004 PAMPLONA"
COCHECITOS PÉREZ," POL. IND. NOAIN ESQUIROZ, C/O 6, 31110 NOAIN"
COCHECITOS PÉREZ,"C/ GARCÍA CASTAÑÓN 12, 31002 PAMPLONA"
COLCHONERÍA GORRICHO,"C/ BENJAMÍN DE TUDELA 8, 31008 PAMPLONA"
COLCHONERÍA GORRICHO,"C/ TAFALLA 26-BIS, 31003 PAMPLONA"
COLCHONERÍA SANCHO EL FUERTE,"PZA. PRÍNCIPE DE VIANA 3, 31003 PAMPLONA"
COMERCIAL ONENA,"C/ AOIZ 37, 31004 PAMPLONA"
CONFITURAS GOYA,"C/ TAFALLA 28 (ESQUINA BERGAMÍN), 31003 PAMPLONA"
CRISTAL,"C/ CASTILLO DE MAYA 37, 31004 PAMPLONA"
CUADRADO,"C/ CORTES DE NAVARRA 3, 31002 PAMPLONA"
CUCADAS,"AVDA. CARLOS III 30, 31003 PAMPLONA"
DANA MODELS AGENCY,"C/ OLITE 12, 31004 PAMPLONA"
DANIELI JOYEROS,"C/ BERGAMÍN 7, 31003 PAMPLONA"
DE BEAUMONT,"C/ SANGÜESA 10, 31003 PAMPLONA"
DEBOCA,"C/ MONJARDÍN 9-11, 31006 PAMPLONA"
DECORACIÓN MARIA PURROY,"C/ PAULINO CABALLERO 35, 31003 PAMPLONA"
DEJAVU MODELS,"C/ AOIZ 18, 31004 PAMPLONA"
DESCANSO Y MASH,"AVDA. CARLOS III 63 BAJO B, 31003 PAMPLONA"
DEVORÉ,"C/ ARRIETA 27, 31002 PAMPLONA"
DOBLE A DE SCRAP,"C/ ITURRALDE Y SUIT 15, 31004 PAMPLONA"
DONDE SIEMPRE,"C/ TEOBALDOS 1-3, 31002 PAMPLONA"
DRESS,"C/ GARCÍA XIMÉNEZ 4, 31002 PAMPLONA"
DSKRA2,"C/ CORTES DE NAVARRA 3, 31002 PAMPLONA"
EGUZKILORE ARREGLOS DE ROPA,"AVDA. BAJA NAVARRA 22, 31004 PAMPLONA"
EL CALI,"C/ AMAYA 18, 31004 PAMPLONA"
EL COLMADO,"C/ ITURRALDE Y SUIT 24, 31004 PAMPLONA"
EL CORTE INGLÉS,"C/ ESTELLA 9, 31002 PAMPLONA"
EL GOLOSO BARRA BRAVA,"C/ AOIZ 12, 31004 PAMPLONA"
EL PERRO VERDE,"C/ TAFALLA 14, 31003 PAMPLONA"
EL SUPER DE LA REPARACIÓN Y EL MENAJE. ELECTRODOM.,"C/ PAULINO CABALLERO 14, 31003 PAMPLONA"
ELVIRA BLANCO,"C/ ITURRALDE Y SUIT 15, 31004 PAMPLONA"
ENZO BARI,"C/ GARCÍA XIMÉNEZ 4, 31002 PAMPLONA"
ESTACIÓN DE SERVICIO LEZKAIRU," CARRETERA BADOSTAIN 2, 31006 PAMPLONA"
EVERS,"C/ TAFALLA 16, 31004 PAMPLONA"
FACIAL CLINIQUE PAMPLONA,"C/ BERGAMÍN 6, 31003 PAMPLONA"
FARMACIA BASARTE,"AVDA. CARLOS III 63, 31004 PAMPLONA"
FARMACIA LOURDES ARRECHEA,"AVDA. CONDE OLIVETO 1, 31003 PAMPLONA"
FARMACIA SIMÓN,"AVDA. BAJA NAVARRA 11, 31002 PAMPLONA"
FARMACIA VENTURA,"C/ TAFALLA 21, 31003 PAMPLONA"
FAUNAPARAÍSO,"C/ BERGAMÍN 33, 31003 PAMPLONA"
FERRAZ,"C/ ESTELLA 6, 31002 PAMPLONA"
FERRETERÍA GUIBERT,"PZA. MERINDADES 2, 31002 PAMPLONA"
FIDELTRONIC,"C/ NAVARRO VILLOSLADA 1 BIS, 31003 PAMPLONA"
FIDELTRONIC-TIEN 21,"C/ BERGAMÍN 37, 31003 PAMPLONA"
FISIO MÉDICA ACTUAL,"C/ AMAYA 21, 31004 PAMPLONA"
FLORISTERÍA EL ÁRBOL,"C/ PAULINO CABALLERO 44, 31004 PAMPLONA"
FLORISTERÍA SAN FERMÍN,"AVDA. GALICIA 1, 31003 PAMPLONA"
FOTO ESTUDIO TURGEL,"C/ GORRITI 26, 31003 PAMPLONA"
FOTO GAMA,"C/ BERGAMÍN 41, 31004 PAMPLONA"
FRITZ,"C/ GORRITI 31, 31004 PAMPLONA"
FUIG POLL,"PZA. CONDE RODEZNO 11 - ENTREPLANTA - OFICINA 6, 31004 PAMPLONA"
GASTEIZ,"C/ NAVARRO VILLOSLADA 4, 31003 PAMPLONA"
GENERAL ÓPTICA,"AVDA. BAJA NAVARRA 2, 31003 PAMPLONA"
GLOW,"C/ TAFALLA 20, 31003 PAMPLONA"
GORRICHO SISTEMAS DE DESCANSO,"C/ YANGUAS Y MIRANDA 19, 31003 PAMPLONA"
HALCÓN VIAJES,"C/ PAULINO CABALLERO 14, 31003 PAMPLONA"
HEBRA DECORACIÓN TEXTIL,"C/ GARCÍA CASTAÑÓN 2, 31002 PAMPLONA"
HERBORISTERÍA ECOTIENDA GOROSTI,"C/ BERGAMÍN 15, 31003 PAMPLONA"
HIPERPAPELERÍA CARLIN PAMPLONA,"C/ SANGÜESA 9, 31003 PAMPLONA"
IL CAFFÈ DI ROMA,"AVDA. CARLOS III 51, 31004 PAMPLONA"
INDA,"C/ PAULINO CABALLERO 18, 31003 PAMPLONA"
INÉS MODA INFANTIL,"C/ BERGAMIN 7, 31003 PAMPLONA"
INTERSPORT IRABIA,"AVDA. CONDE OLIVETO 5, 31003 PAMPLONA"
INTERSPORT IRABIA,"C/ BENJAMÍN DE TUDELA 2, 31008 PAMPLONA"
ÍNTIMO XARMANT,"C/ SAN FERMÍN 10, 31004 PAMPLONA"
J.M. EZCURDIA,"C/ PAULINO CABALLERO 41, 31003 PAMPLONA"
JAKOBITOS CARNICERÍA,"C/ TAFALLA 23, 31003 PAMPLONA"
JAVIER ECHEVERRÍA JOYERO,"AVDA. RONCESVALLES 6, 31002 PAMPLONA"
JOYEL,"C/ GORRITI 37, 31004 PAMPLONA"
JOYERÍA MUÑOZ,"PZA. PRÍNCIPE DE VIANA 3, 31003 PAMPLONA"
JOYERÍA NANDO,"AVDA. SAN IGNACIO 8, 31002 PAMPLONA"
JOYERÍA P.J. OZCOIDI,"AVDA. CARLOS III 13-15, 31002 PAMPLONA"
JOYERÍA RELOJERÍA CHUS EZPELETA,"C/ TUDELA 3, 31002 PAMPLONA"
JOYERÍA RELOJERÍA JESÚS GARCÍA,"AVDA. BAJA NAVARRA 15, 31002 PAMPLONA"
JOYERÍA RUBÍ BASIC,"AVDA. SAN IGNACIO 11, 31002 PAMPLONA"
KERACONTACT - CENTRO NAVARRO DE LENTES DE CONTACTO,"PZA. BLANCA DE NAVARRA 10, 31004 PAMPLONA"
KIDE,"C/ TAFALLA 33, 31003 PAMPLONA"
KILO ROPA,"C/ TEOBALDOS 2, 31002 PAMPLONA"
KOALA,"C/ PAULINO CABALLERO 29, 31003 PAMPLONA"
LA BARBERÍA DE MAITE ARBEA,"C/ ITURRALDE Y SUIT 1, 31004 PAMPLONA"
LA CASA DE LOS QUESOS,"AVDA. CARLOS III 51 (ENTRADA  C/TAFALLA 15), 31004 PAMPLONA"
LA HELADERÍA DE EL OBRADOR,"PZA. PRÍNCIPE DE VIANA 4, 31003 PAMPLONA"
LA MAR SALADA,"C/ LEYRE 12, 31002 PAMPLONA"
LA SILLA,"C/ OLITE 4, 31002 PAMPLONA"
LANERA NAVARRA,"C/ TAFALLA 14, 31004 PAMPLONA"
LAZARAU,"C/ SAN FERMÍN 14 - ENTREPLANTA, 31003 PAMPLONA"
LE CARROUSEL,"C/ SANGÜESA 4, 31003 PAMPLONA"
LEONCE,"C/ CASTILLO DE MAYA 44, 31003 PAMPLONA"
LIBRERÍA EL PARNASILLO,"C/ CASTILLO DE MAYA 45, 31003 PAMPLONA"
LIBRERÍA WALDEN,"C/ PAULINO CABALLERO 31, 31003 PAMPLONA"
LOFT 47,"C/ SAN FERMÍN 47, 31003 PAMPLONA"
LOLAS,"C/ BERGAMÍN 15, 31003 PAMPLONA"
M.2,"AVDA. CARLOS III 48, 31004 PAMPLONA"
MARIAN LÍNEA ÍNTIMA,"C/ TAFALLA 14, 31004 PAMPLONA"
MASSADA,"C/ NAVARRO VILLOSLADA 15, 31003 PAMPLONA"
MASSALIA,"C/ BERGAMÍN 4, 31003 PAMPLONA"
MDM RELOJEROS,"C/ GARCÍA XIMÉNEZ 3, 31002 PAMPLONA"
MEDICAL ÓPTICA,"C/ ESTELLA 7, 31002 PAMPLONA"
MENDI KIROLAK,"C/ CASTILLO DE MAYA 45, 31003 PAMPLONA"
MOKA,"C/ TAFALLA 16, 31004 PAMPLONA"
MONTIEL JOYERO,"AVDA. CARLOS III 50, 31004 PAMPLONA"
MOTHERCARE,"C/ CASTILLO DE MAYA 39, 31003 PAMPLONA"
MUEBLES SASKIA,"C/ ERROTAZAR 7, 31014 PAMPLONA"
NAF NAF,"C/ PADRE CALATAYUD 1, 31003 PAMPLONA"
NAPALI," C.C. LA MOREA , 31191 CORDOVILLA"
NAVARRAVIVIENDAS.NET,"PZA. CONDE RODEZNO 10, 31004 PAMPLONA"
NECK & NECK,"C/ GARCÍA XIMÉNEZ 4, 31002 PAMPLONA"
NEXOR ASESORES,"C/ LEYRE 4 - OFICINA C, 31002 PAMPLONA"
NOVOSOFT,"PASEO SARASATE 19 - PLANTA 2, 31002 PAMPLONA"
OGIBERRI,"AVDA. ZARAGOZA 2 (ESQUINA CON PZA PRÍNCIPE DE VIANA), 31003 PAMPLONA"
ÓPTICA JULIO EZPELETA,"C/ GARCÍA XIMÉNEZ 4, 31002 PAMPLONA"
ÓPTICA NAVARRA,"C/ BERGAMÍN 2 BIS, 31003 PAMPLONA"
ÓPTICA VÍNCULO,"PZA. DEL VÍNCULO S/N, 31002 PAMPLONA"
OPTILAB,"C/ AMAYA 1, 31002 PAMPLONA"
ORLA,"AVDA. PÍO XII 12, 31008 PAMPLONA"
P. CHOCARRO,"C/ LEYRE 19, 31003 PAMPLONA"
PABLOOCHOA.SHOES,"AVDA. CARLOS III 47, 31004 PAMPLONA"
PANADERÍA TABERNA,"C/ GARCÍA XIMÉNEZ 3, 31002 PAMPLONA"
PAPELERÍA SANCHO'S,"PZA. BLANCA DE NAVARRA 9-10, 31004 PAMPLONA"
"PAPI, MAMI Y YO, 2.0","C/ TAFALLA 29, 31003 PAMPLONA"
PASTELERÍA BARSAN,"C/ TAFALLA 15, 31004 PAMPLONA"
PASTELERÍA EL OBRADOR,"C/ AOIZ 12, 31004 PAMPLONA"
PASTELERÍA TORRANO,"C/ CASTILLO DE MAYA 36, 31004 PAMPLONA"
PEDALIER,"PZA. BLANCA DE NAVARRA 4, 31004 PAMPLONA"
PEDRO BUENO BOUTIQUE,"C/ BERGAMÍN 1 BIS, 31002 PAMPLONA"
PEDRO BUENO JOYERO,"C/ ARRIETA 18 (ANTIGUA BERGAMÍN, 3), 31002 PAMPLONA"
PELEGRIN JOYEROS,"C/ BERGAMÍN 4, 31003 PAMPLONA"
PELETERÍA GROENLANDIA,"AVDA. BAJA NAVARRA 2, 31003 PAMPLONA"
PERFUMERÍA GALLE,"AVDA. CARLOS III 45, 31004 PAMPLONA"
PERFUMERÍA GALLE,"C/ BERGAMÍN 5, 31002 PAMPLONA"
PERFUMERÍA JULIA,"AVDA. CARLOS III 24, 31003 PAMPLONA"
PIEDAD FIRMAS,"C/ LEYRE 14, 31002 PAMPLONA"
PLAN B,"C/ TAFALLA 21, 31004 PAMPLONA"
PURROY DECORACIÓN,"PZA. PRÍNCIPE DE VIANA 3, 31003 PAMPLONA"
RADIO FAR,"AVDA. CONDE OLIVETO 2, 31002 PAMPLONA"
RAMÓN RUBIO JOYERO,"AVDA. SAN IGNACIO 9 BIS, 31002 PAMPLONA"
RECAMBIOS RYUM,"C/ SANGÜESA 11, 31003 PAMPLONA"
RECREARTE,"C/ SANDOVAL 6, 31002 PAMPLONA"
RESTAURANTE ALHAMBRA,"C/ BERGAMÍN 7, 31003 PAMPLONA"
RESTAURANTE EL MERCAO,"C/ TAFALLA 5-7, 31004 PAMPLONA"
RESTAURANTE ENEKORRI,"C/ TUDELA 14, 31003 PAMPLONA"
RESTAURANTE SÍBARIS,"C/ MONJARDÍN 12, 31004 PAMPLONA"
SABOYA HOMBRE,"AVDA. ZARAGOZA 7, 31003 PAMPLONA"
SABOYA MUJER,"C/ LEYRE 21, 31003 PAMPLONA"
SAIDE CARLOS III,"C/ CORTES DE NAVARRA 7, 31002 PAMPLONA"
SAIDE OLITE,"C/ OLITE 40, 31004 PAMPLONA"
SALÓN DE BELLEZA GLORIA,"AVDA. CARLOS III 13-15 (GALERÍA COMERCIAL), 31002 PAMPLONA"
SANTIVERI,"AVDA. CARLOS III 13-15, 31002 PAMPLONA"
SENSEBENE,"C/ MONJARDÍN FRENTE Nº7, 31004 PAMPLONA"
SKINC,"C/ CASTILLO DE MAYA 38, 31004 PAMPLONA"
SKUNKFUNK,"C/ ARRIETA 7, 31002 PAMPLONA"
STORE STEAM,"C/ NAVARRO VILLOSLADA 14, 31003 PAMPLONA"
SUKOT,"C/ PAULINO CABALLERO 10, 31003 PAMPLONA"
TAPICERÍAS LOYSA,"C/ PAULINO CABALLERO 8, 31002 PAMPLONA"
THE BODY SHOP,"AVDA. CARLOS III 63, 31004 PAMPLONA"
TIEMPO BADABUM,"C/ CIPRIANO OLASO 4, 31004 PAMPLONA"
TIPI,"AVDA. CARLOS III 13-15, 31002 PAMPLONA"
TOCATEJA,"C/ PAULINO CABALLERO 43, 31003 PAMPLONA"
TODOCARTUCHO,"C/ SANGÜESA 18, 31003 PAMPLONA"
TOUS,"AVDA. CARLOS III 14, 31002 PAMPLONA"
TRES EN RAYA,"C/ SANGÜESA 12, 31003 PAMPLONA"
TURÓSOL,"AVDA. CARLOS III 30 (ENTRADA POR C/ TAFALLA), 31003 PAMPLONA"
ULLOA ÓPTICO,"AVDA. SAN IGNACIO 12, 31002 PAMPLONA"
VAPEOS,"C/ PAULINO CABALLERO 49, 31004 PAMPLONA"
VAPOR Y MÁS,"C/ AMAYA 26, 31004 PAMPLONA"
VENTANAS GORRITI,"C/ GORRITI 22, 31004 PAMPLONA"
VIAJES MARFIL,"AVDA. CARLOS III 13-15, 31002 PAMPLONA"
VIAJES SARASATE,"C/ SAN FERMÍN 37, 31003 PAMPLONA"
VILLA MIRANDA,"C/ GARCÍA CASTAÑÓN 4, 31002 PAMPLONA"
YVES ROCHER,"AVDA. CARLOS III 55, 31003 PAMPLONA"
ZAPATOS CARACOL,"C/ PAULINO CABALLERO 46, 31004 PAMPLONA"
ZAPI,"C/ NAVARRO VILLOSLADA 10, 31003 PAMPLONA"
